{"cameraMode":{"drawMode":0,"name":"Shaded","section":"Shading Mode"},"sceneLighting":false,"audioPlay":false,"sceneViewState":{"showFog":true,"showMaterialUpdate":false,"showSkybox":false,"showFlares":true,"showImageEffects":true,"showParticleSystems":true},"in2DMode":false,"pivot":{"x":0.05608844757080078,"y":0.4435187578201294,"z":0.09966236352920532},"rotation":{"x":-0.13500984013080598,"y":-0.7740642428398132,"z":0.17616640031337739,"w":-0.5929721593856812},"size":2.268810987472534,"orthographic":false}