{"cameraMode":{"drawMode":0,"name":"Shaded","section":"Shading Mode"},"sceneLighting":false,"audioPlay":false,"sceneViewState":{"showFog":true,"showMaterialUpdate":false,"showSkybox":false,"showFlares":true,"showImageEffects":true,"showParticleSystems":true},"in2DMode":false,"pivot":{"x":0.22590500116348267,"y":0.10736918449401856,"z":0.16386723518371583},"rotation":{"x":0.23360085487365724,"y":-0.5825902223587036,"z":0.1791692078113556,"w":0.7576715350151062},"size":6.524526596069336,"orthographic":false}