{"cameraMode":{"drawMode":0,"name":"Shaded","section":"Shading Mode"},"sceneLighting":true,"audioPlay":false,"sceneViewState":{"showFog":true,"showMaterialUpdate":false,"showSkybox":true,"showFlares":true,"showImageEffects":true,"showParticleSystems":true},"in2DMode":false,"pivot":{"x":-2.542181968688965,"y":1.408276915550232,"z":-186.4750213623047},"rotation":{"x":0.0006625106907449663,"y":-0.9993690252304077,"z":0.024298980832099916,"w":0.027593718841671945},"size":2.1809957027435304,"orthographic":false}