{"cameraMode":{"drawMode":0,"name":"Shaded","section":"Shading Mode"},"sceneLighting":true,"audioPlay":false,"sceneViewState":{"showFog":true,"showMaterialUpdate":false,"showSkybox":true,"showFlares":true,"showImageEffects":true,"showParticleSystems":true},"in2DMode":false,"pivot":{"x":-4.361340045928955,"y":0.49361652135849,"z":-241.37486267089845},"rotation":{"x":0.02460145764052868,"y":-0.9682205319404602,"z":0.10373174399137497,"w":0.22656594216823579},"size":6.079985618591309,"orthographic":false}